-- MySQL dump 10.13  Distrib 5.5.9, for Win64 (x86)
--
-- Host: localhost    Database: cmd_db
-- ------------------------------------------------------
-- Server version	5.5.9

/*!40101 SET @OLD_CHARACTER_SET_CLIENT=@@CHARACTER_SET_CLIENT */;
/*!40101 SET @OLD_CHARACTER_SET_RESULTS=@@CHARACTER_SET_RESULTS */;
/*!40101 SET @OLD_COLLATION_CONNECTION=@@COLLATION_CONNECTION */;
/*!40101 SET NAMES utf8 */;
/*!40103 SET @OLD_TIME_ZONE=@@TIME_ZONE */;
/*!40103 SET TIME_ZONE='+00:00' */;
/*!40014 SET @OLD_UNIQUE_CHECKS=@@UNIQUE_CHECKS, UNIQUE_CHECKS=0 */;
/*!40014 SET @OLD_FOREIGN_KEY_CHECKS=@@FOREIGN_KEY_CHECKS, FOREIGN_KEY_CHECKS=0 */;
/*!40101 SET @OLD_SQL_MODE=@@SQL_MODE, SQL_MODE='NO_AUTO_VALUE_ON_ZERO' */;
/*!40111 SET @OLD_SQL_NOTES=@@SQL_NOTES, SQL_NOTES=0 */;

--
-- Table structure for table `clients`
--

DROP TABLE IF EXISTS `clients`;
/*!40101 SET @saved_cs_client     = @@character_set_client */;
/*!40101 SET character_set_client = utf8 */;
CREATE TABLE `clients` (
  `c_id` int(11) NOT NULL AUTO_INCREMENT,
  `c_name` varchar(30) DEFAULT NULL,
  `email` varchar(50) DEFAULT NULL,
  `firstContact` date DEFAULT NULL,
  `sold` tinyint(1) DEFAULT NULL,
  `owner_id` int(11) DEFAULT NULL,
  `country_id` int(11) DEFAULT NULL,
  `et_id` int(11) DEFAULT NULL,
  PRIMARY KEY (`c_id`),
  KEY `owner_id` (`owner_id`),
  KEY `country_id` (`country_id`),
  KEY `et_id` (`et_id`),
  CONSTRAINT `clients_ibfk_1` FOREIGN KEY (`owner_id`) REFERENCES `owners` (`owner_id`),
  CONSTRAINT `clients_ibfk_2` FOREIGN KEY (`country_id`) REFERENCES `countries` (`country_id`),
  CONSTRAINT `clients_ibfk_3` FOREIGN KEY (`et_id`) REFERENCES `email_type` (`et_id`)
) ENGINE=InnoDB AUTO_INCREMENT=773 DEFAULT CHARSET=latin1;
/*!40101 SET character_set_client = @saved_cs_client */;

--
-- Dumping data for table `clients`
--

LOCK TABLES `clients` WRITE;
/*!40000 ALTER TABLE `clients` DISABLE KEYS */;
INSERT INTO `clients` VALUES (1,'Perkins Cunningham','perkinscunningham@imant.com','2018-11-27',1,1,1,1),(2,'Fischer Hammond','fischerhammond@imant.com','2017-05-16',0,2,2,NULL),(3,'Gonzalez Armstrong','gonzalezarmstrong@imant.com','2018-04-06',0,3,3,NULL),(4,'Melva Ingram','melvaingram@imant.com','2018-09-24',1,4,4,1),(5,'Stacy Morton','stacymorton@imant.com','2018-12-09',1,2,3,2),(6,'Mccormick Klein','mccormickklein@imant.com','2017-06-04',1,5,1,3),(7,'Lula Jefferson','lulajefferson@imant.com','2016-12-29',1,4,5,1),(8,'Bryant Russo','bryantrusso@imant.com','2018-06-04',1,2,1,2),(9,'Russell Montoya','russellmontoya@imant.com','2018-06-15',1,2,2,3),(10,'Beach Logan','beachlogan@imant.com','2018-03-28',1,3,3,1),(11,'Golden Fields','goldenfields@imant.com','2017-04-08',0,1,2,NULL),(12,'Mandy Hawkins','mandyhawkins@imant.com','2016-05-14',0,2,2,NULL),(13,'Ashley Holder','ashleyholder@imant.com','2018-08-23',1,6,3,4),(14,'Miles Schmidt','milesschmidt@imant.com','2018-08-12',1,5,3,2),(15,'Marissa Rios','marissarios@imant.com','2018-03-26',1,1,3,1),(16,'Simone Hall','simonehall@imant.com','2018-06-10',1,7,3,2),(17,'Mayer Brady','mayerbrady@imant.com','2016-10-16',0,4,3,NULL),(18,'Corinne Best','corinnebest@imant.com','2018-06-03',1,7,3,4),(19,'Charlene Rodgers','charlenerodgers@imant.com','2016-04-19',1,6,6,3),(20,'Berger Mosley','bergermosley@imant.com','2018-04-06',0,7,2,NULL),(21,'May Hurley','mayhurley@imant.com','2018-06-20',1,1,2,2),(22,'Glenn Guerra','glennguerra@imant.com','2018-04-16',0,5,6,NULL),(23,'Ellison Diaz','ellisondiaz@imant.com','2018-04-29',0,7,2,NULL),(24,'Sheena Chang','sheenachang@imant.com','2018-08-22',0,7,6,NULL),(25,'Lynne Irwin','lynneirwin@imant.com','2018-12-02',1,6,4,3),(26,'Graham Oneal','grahamoneal@imant.com','2017-12-11',1,2,3,1),(27,'Cohen Rush','cohenrush@imant.com','2018-01-05',1,2,4,2),(28,'Bennett Stanton','bennettstanton@imant.com','2018-06-26',1,2,6,2),(29,'Eddie Nolan','eddienolan@imant.com','2018-01-29',0,2,3,NULL),(30,'Belinda Bright','belindabright@imant.com','2018-05-04',1,1,3,3),(31,'Laverne Roy','laverneroy@imant.com','2018-04-29',0,4,4,NULL),(32,'Araceli Wong','araceliwong@imant.com','2018-06-28',1,1,4,3),(33,'Clark Brewer','clarkbrewer@imant.com','2017-08-29',1,6,2,4),(34,'Joanne Kelly','joannekelly@imant.com','2018-03-04',1,1,1,3),(35,'Millicent Mullen','millicentmullen@imant.com','2017-04-26',1,3,3,1),(36,'Mable Wilcox','mablewilcox@imant.com','2018-12-27',1,5,2,1),(37,'Burks Jimenez','burksjimenez@imant.com','2018-03-05',0,6,3,NULL),(38,'Klein Langley','kleinlangley@imant.com','2018-07-12',1,2,3,1),(39,'Sloan Dotson','sloandotson@imant.com','2018-09-17',1,7,4,2),(40,'Irma Decker','irmadecker@imant.com','2017-04-14',1,7,7,1),(41,'Hall Goodman','hallgoodman@imant.com','2017-05-28',1,3,1,1),(42,'Estelle Randolph','estellerandolph@imant.com','2018-03-22',1,5,1,3),(43,'Hayden Greene','haydengreene@imant.com','2018-05-20',1,7,4,1),(44,'Johnnie Reilly','johnniereilly@imant.com','2018-07-27',0,3,3,NULL),(45,'Loraine Lara','lorainelara@imant.com','2017-12-01',0,3,1,NULL),(46,'Ferguson Sweet','fergusonsweet@imant.com','2018-04-03',1,5,7,1),(47,'Summer Kirkland','summerkirkland@imant.com','2018-04-21',1,2,3,1),(48,'Michele Petersen','michelepetersen@imant.com','2017-04-22',1,5,2,3),(49,'Gayle Fowler','gaylefowler@imant.com','2018-04-01',0,1,6,NULL),(50,'Bartlett Hodges','bartletthodges@imant.com','2017-06-24',1,5,6,3),(51,'Alisa Hayden','alisahayden@imant.com','2018-11-04',1,7,6,3),(52,'Tamra Leach','tamraleach@imant.com','2016-12-21',1,6,2,3),(53,'Dominguez Vaughn','dominguezvaughn@imant.com','2018-12-24',1,1,6,1),(54,'Meagan Lawson','meaganlawson@imant.com','2016-01-03',0,1,1,NULL),(55,'Constance Mccarty','constancemccarty@imant.com','2017-11-24',0,6,1,NULL),(56,'Elnora Bullock','elnorabullock@imant.com','2018-04-20',1,3,2,1),(57,'Merrill Rowe','merrillrowe@imant.com','2017-11-15',0,5,6,NULL),(58,'Clements Buchanan','clementsbuchanan@imant.com','2016-11-28',1,2,3,1),(59,'Holloway Weber','hollowayweber@imant.com','2016-10-02',1,6,5,3),(60,'Carlene Richardson','carlenerichardson@imant.com','2017-04-04',0,3,2,NULL),(61,'Robin King','robinking@imant.com','2017-11-04',1,5,3,1),(62,'Ewing Alexander','ewingalexander@imant.com','2016-12-19',1,1,4,3),(63,'Perry Cortez','perrycortez@imant.com','2018-01-01',1,5,4,1),(64,'Estrada Franklin','estradafranklin@imant.com','2016-10-31',0,5,2,NULL),(65,'Charles Munoz','charlesmunoz@imant.com','2016-01-05',0,2,2,NULL),(66,'Jean Riddle','jeanriddle@imant.com','2018-09-24',1,4,3,3),(67,'Allie Wilkins','alliewilkins@imant.com','2018-05-02',0,1,1,NULL),(68,'Macdonald Arnold','macdonaldarnold@imant.com','2017-12-12',1,4,5,4),(69,'Ward Weiss','wardweiss@imant.com','2018-03-09',0,7,3,NULL),(70,'Renee Ashley','reneeashley@imant.com','2017-06-18',0,6,3,NULL),(71,'Robbie Pratt','robbiepratt@imant.com','2018-05-23',0,7,7,NULL),(72,'Wheeler Mccarthy','wheelermccarthy@imant.com','2017-04-18',1,1,6,4),(73,'Judy French','judyfrench@imant.com','2018-05-07',0,6,2,NULL),(74,'Mcneil Wade','mcneilwade@imant.com','2017-06-28',1,7,2,4),(75,'Gordon Salas','gordonsalas@imant.com','2018-04-01',1,4,6,1),(76,'Mercedes Levine','mercedeslevine@imant.com','2018-12-13',1,3,1,1),(77,'Gross Paul','grosspaul@imant.com','2017-12-13',1,3,4,1),(78,'Sophia Matthews','sophiamatthews@imant.com','2018-08-24',0,3,2,NULL),(79,'Brock Mcintyre','brockmcintyre@imant.com','2016-02-25',1,3,1,3),(80,'Patrice Gray','patricegray@imant.com','2017-04-05',0,2,4,NULL),(81,'Josie Hester','josiehester@imant.com','2017-07-15',0,7,4,NULL),(82,'Esperanza Maldonado','esperanzamaldonado@imant.com','2017-07-06',1,5,2,3),(83,'Lessie Salazar','lessiesalazar@imant.com','2016-06-11',0,4,2,NULL),(84,'Carla Burke','carlaburke@imant.com','2017-05-07',0,5,1,NULL),(85,'Bertie Rowland','bertierowland@imant.com','2017-05-27',0,2,5,NULL),(86,'Hampton Peters','hamptonpeters@imant.com','2018-12-19',1,6,3,1),(87,'Elinor Porter','elinorporter@imant.com','2018-02-15',1,3,3,3),(88,'Shaw Henson','shawhenson@imant.com','2018-01-07',1,5,3,1),(89,'Blankenship Robles','blankenshiprobles@imant.com','2017-04-25',1,4,4,1),(90,'Eugenia Palmer','eugeniapalmer@imant.com','2017-06-28',1,7,4,2),(91,'Myrna Farrell','myrnafarrell@imant.com','2018-11-01',1,6,4,4),(92,'Erin Roth','erinroth@imant.com','2017-09-01',1,5,2,3),(93,'Briana Haynes','brianahaynes@imant.com','2016-02-01',0,3,5,NULL),(94,'Hobbs Horn','hobbshorn@imant.com','2016-01-25',1,7,5,1),(95,'Anna Boone','annaboone@imant.com','2018-04-12',1,1,6,4),(96,'Adkins Spence','adkinsspence@imant.com','2016-07-22',1,7,6,2),(97,'Malone Gardner','malonegardner@imant.com','2017-06-05',1,5,4,1),(98,'Tonia Kent','toniakent@imant.com','2018-05-01',1,6,3,1),(99,'Alberta Avery','albertaavery@imant.com','2018-07-10',0,5,1,NULL),(100,'Lisa Mayer','lisamayer@imant.com','2018-02-07',1,7,2,1),(101,'Britney Barr','britneybarr@imant.com','2017-04-19',1,2,2,3),(102,'Horne Johns','hornejohns@imant.com','2017-06-29',0,4,2,NULL),(103,'Castillo Austin','castilloaustin@imant.com','2018-06-22',0,4,4,NULL),(104,'Meyer Short','meyershort@imant.com','2018-06-26',1,2,1,1),(105,'Hicks Kennedy','hickskennedy@imant.com','2017-12-18',1,6,2,1),(106,'Burns Jacobson','burnsjacobson@imant.com','2018-04-22',1,2,5,2),(107,'Finch Robinson','finchrobinson@imant.com','2016-12-28',0,5,3,NULL),(108,'Matilda Atkinson','matildaatkinson@imant.com','2018-04-28',0,6,4,NULL),(109,'Winnie Singleton','winniesingleton@imant.com','2018-06-15',0,2,2,NULL),(110,'Hyde Alford','hydealford@imant.com','2018-05-16',1,3,2,1),(111,'Potts Nieves','pottsnieves@imant.com','2018-12-29',1,5,2,3),(112,'Norris Brooks','norrisbrooks@imant.com','2017-08-29',1,2,3,3),(113,'Schwartz Powers','schwartzpowers@imant.com','2016-06-02',1,6,4,4),(114,'Cherry Torres','cherrytorres@imant.com','2017-06-16',1,2,3,1),(115,'Mercado Phillips','mercadophillips@imant.com','2018-05-27',0,2,2,NULL),(116,'Berg Hobbs','berghobbs@imant.com','2017-01-19',1,6,3,1),(117,'Rice Crane','ricecrane@imant.com','2018-05-26',1,1,3,3),(118,'Nicholson Clemons','nicholsonclemons@imant.com','2016-05-11',1,6,3,1),(119,'Noble Perkins','nobleperkins@imant.com','2016-12-14',1,4,3,3),(120,'Mcintyre Preston','mcintyrepreston@imant.com','2018-05-06',1,5,2,2),(121,'Delia Booker','deliabooker@imant.com','2017-12-13',1,2,3,2),(122,'Wiggins Mclean','wigginsmclean@imant.com','2017-12-24',1,2,4,1),(123,'Elisabeth Finch','elisabethfinch@imant.com','2017-06-21',1,1,1,4),(124,'Maynard Mcintosh','maynardmcintosh@imant.com','2018-06-29',0,7,3,NULL),(125,'Martinez Crosby','martinezcrosby@imant.com','2018-04-03',1,7,6,1),(126,'Carrie Conley','carrieconley@imant.com','2017-12-27',1,5,4,3),(127,'Lorena Joseph','lorenajoseph@imant.com','2017-12-03',1,7,2,3),(128,'Camacho Saunders','camachosaunders@imant.com','2017-05-14',0,5,3,NULL),(129,'Zelma Lynn','zelmalynn@imant.com','2016-07-15',0,1,3,NULL),(130,'Henson Rivers','hensonrivers@imant.com','2017-12-04',0,5,3,NULL),(131,'Carey Gibbs','careygibbs@imant.com','2018-04-23',1,7,2,1),(132,'Noemi Manning','noemimanning@imant.com','2016-01-23',1,5,2,2),(133,'Angelique Clayton','angeliqueclayton@imant.com','2017-12-02',0,6,6,NULL),(134,'Cochran Roach','cochranroach@imant.com','2018-06-27',0,5,1,NULL),(135,'Wolf Burris','wolfburris@imant.com','2017-03-22',1,7,2,1),(136,'Sherri Pace','sherripace@imant.com','2018-10-13',0,3,6,NULL),(137,'Olivia Fletcher','oliviafletcher@imant.com','2018-05-29',0,2,4,NULL),(138,'Kelly Jacobs','kellyjacobs@imant.com','2018-12-08',0,5,2,NULL),(139,'Jeanne Cox','jeannecox@imant.com','2018-01-22',1,7,6,1),(140,'Noelle Hutchinson','noellehutchinson@imant.com','2017-04-06',0,1,4,NULL),(141,'Flora Murray','floramurray@imant.com','2018-04-20',1,3,1,2),(142,'Mosley Barton','mosleybarton@imant.com','2017-04-23',1,3,2,1),(143,'Tanisha Baird','tanishabaird@imant.com','2017-05-08',1,5,4,1),(144,'Hahn Blevins','hahnblevins@imant.com','2016-05-29',1,2,2,3),(145,'Caldwell Tucker','caldwelltucker@imant.com','2017-10-25',1,6,1,1),(146,'Nixon Fulton','nixonfulton@imant.com','2017-04-03',1,5,2,3),(147,'Richmond Shaw','richmondshaw@imant.com','2018-12-08',1,2,4,1),(148,'Riddle Fry','riddlefry@imant.com','2017-06-06',1,7,3,3),(149,'Paula Watkins','paulawatkins@imant.com','2016-06-16',0,7,2,NULL),(150,'Mccarthy Neal','mccarthyneal@imant.com','2018-04-12',1,7,2,2),(151,'Stark Leblanc','starkleblanc@imant.com','2018-06-14',0,2,2,NULL),(152,'Eve Weaver','eveweaver@imant.com','2016-11-28',0,7,1,NULL),(153,'Gill Norris','gillnorris@imant.com','2018-03-26',0,2,3,NULL),(154,'Polly Strong','pollystrong@imant.com','2016-06-23',1,5,3,2),(155,'Melendez Gregory','melendezgregory@imant.com','2018-07-06',1,1,2,1),(156,'Landry Woodward','landrywoodward@imant.com','2018-10-23',0,6,3,NULL),(157,'Reba Lester','rebalester@imant.com','2018-06-21',1,2,1,3),(158,'Villarreal Aguilar','villarrealaguilar@imant.com','2017-03-19',1,7,3,2),(159,'Pruitt Goodwin','pruittgoodwin@imant.com','2018-05-12',0,7,2,NULL),(160,'Suzanne Ortega','suzanneortega@imant.com','2018-12-22',1,2,3,3),(161,'Denise Ellison','deniseellison@imant.com','2018-04-23',0,1,4,NULL),(162,'Avery Fuentes','averyfuentes@imant.com','2016-06-07',0,1,3,NULL),(163,'Casey Barron','caseybarron@imant.com','2017-04-11',0,1,3,NULL),(164,'Fanny Pollard','fannypollard@imant.com','2018-01-07',0,2,2,NULL),(165,'Leigh Tyson','leightyson@imant.com','2016-06-13',0,5,3,NULL),(166,'Nannie York','nannieyork@imant.com','2017-04-14',0,5,5,NULL),(167,'Laura Calderon','lauracalderon@imant.com','2018-05-31',0,5,3,NULL),(168,'May Frost','mayfrost@imant.com','2017-12-23',0,7,3,NULL),(169,'Conley Graves','conleygraves@imant.com','2018-12-04',1,2,7,2),(170,'Ramsey Maddox','ramseymaddox@imant.com','2018-03-04',1,2,2,1),(171,'Roman England','romanengland@imant.com','2017-08-25',1,2,3,3),(172,'Antoinette Rodriquez','antoinetterodriquez@imant.com','2017-05-09',0,2,3,NULL),(173,'Mcclure Velez','mcclurevelez@imant.com','2018-09-15',1,7,3,4),(174,'Leanne Bolton','leannebolton@imant.com','2018-12-16',1,3,5,4),(175,'Parks Gilmore','parksgilmore@imant.com','2017-05-08',1,5,3,4),(176,'Mendoza Lott','mendozalott@imant.com','2017-04-13',1,7,6,1),(177,'Sharp Sexton','sharpsexton@imant.com','2018-04-05',1,4,3,1),(178,'Leticia Guy','leticiaguy@imant.com','2018-04-01',1,5,4,1),(179,'Hurst Mullins','hurstmullins@imant.com','2017-03-09',1,3,3,4),(180,'Opal Savage','opalsavage@imant.com','2016-12-24',1,3,3,3),(181,'Kirby Albert','kirbyalbert@imant.com','2018-04-06',0,6,2,NULL),(182,'Cherry Glass','cherryglass@imant.com','2017-03-31',1,7,5,3),(183,'Angeline Solomon','angelinesolomon@imant.com','2018-10-19',1,3,1,1),(184,'Lottie Rosario','lottierosario@imant.com','2018-05-21',1,3,6,4),(185,'Carole Frazier','carolefrazier@imant.com','2018-10-08',1,1,3,1),(186,'Le Collier','lecollier@imant.com','2018-05-06',0,1,3,NULL),(187,'Turner Underwood','turnerunderwood@imant.com','2017-08-11',0,5,3,NULL),(188,'Rachel Wall','rachelwall@imant.com','2018-06-03',0,5,6,NULL),(189,'Salas Mckenzie','salasmckenzie@imant.com','2017-12-16',1,4,3,3),(190,'Wilcox Juarez','wilcoxjuarez@imant.com','2018-01-27',1,1,4,1),(191,'Ingrid Rasmussen','ingridrasmussen@imant.com','2017-01-12',1,7,2,2),(192,'Ernestine Lowery','ernestinelowery@imant.com','2018-06-02',0,1,3,NULL),(193,'Felecia Yang','feleciayang@imant.com','2018-12-18',0,3,4,NULL),(194,'Odessa Morrow','odessamorrow@imant.com','2018-12-28',0,2,4,NULL),(195,'Sykes Golden','sykesgolden@imant.com','2017-04-01',0,5,3,NULL),(196,'Elena Dunlap','elenadunlap@imant.com','2017-12-07',0,5,1,NULL),(197,'Goodwin Stephens','goodwinstephens@imant.com','2018-04-25',1,4,1,2),(198,'Jordan Mathews','jordanmathews@imant.com','2018-04-22',1,7,2,3),(199,'Walters Powell','walterspowell@imant.com','2018-05-20',0,2,3,NULL),(200,'Becker Miles','beckermiles@imant.com','2018-10-24',1,2,2,2),(201,'Hancock Greer','hancockgreer@imant.com','2018-06-20',1,7,3,1),(202,'Ana Green','anagreen@imant.com','2018-04-06',0,6,2,NULL),(203,'Glass Blackburn','glassblackburn@imant.com','2017-10-10',1,6,3,1),(204,'Maryellen Britt','maryellenbritt@imant.com','2018-05-18',1,1,6,1),(205,'Alexandria Carter','alexandriacarter@imant.com','2018-04-25',0,2,3,NULL),(206,'Gay Hahn','gayhahn@imant.com','2018-04-20',0,2,3,NULL),(207,'Winifred Smith','winifredsmith@imant.com','2018-04-23',1,7,4,1),(208,'Cummings English','cummingsenglish@imant.com','2018-11-10',0,4,2,NULL),(209,'Giles Valdez','gilesvaldez@imant.com','2017-12-17',0,7,3,NULL),(210,'Rogers Cleveland','rogerscleveland@imant.com','2018-07-29',0,6,2,NULL),(211,'Willa Cannon','willacannon@imant.com','2017-06-02',0,2,2,NULL),(212,'Marisol Lang','marisollang@imant.com','2018-03-19',1,7,3,1),(213,'Atkinson Long','atkinsonlong@imant.com','2016-08-14',0,2,1,NULL),(214,'Mcgowan Hansen','mcgowanhansen@imant.com','2018-05-12',1,4,4,3),(215,'Lourdes Grant','lourdesgrant@imant.com','2017-06-03',0,3,2,NULL),(216,'Woodward Crawford','woodwardcrawford@imant.com','2018-06-17',1,7,3,1),(217,'Blackwell Perez','blackwellperez@imant.com','2016-06-04',0,7,2,NULL),(218,'Adeline Trujillo','adelinetrujillo@imant.com','2018-06-08',0,1,3,NULL),(219,'Strickland Downs','stricklanddowns@imant.com','2017-12-14',0,3,6,NULL),(220,'Pierce Ramos','pierceramos@imant.com','2017-09-16',1,2,4,3),(221,'Alyce Garcia','alycegarcia@imant.com','2018-04-08',1,2,1,3),(222,'Cheryl Le','cherylle@imant.com','2018-06-12',0,4,2,NULL),(223,'Wilson Gay','wilsongay@imant.com','2017-05-07',0,3,2,NULL),(224,'Chavez Hickman','chavezhickman@imant.com','2018-07-19',0,6,5,NULL),(225,'Fulton Perry','fultonperry@imant.com','2017-05-14',0,6,5,NULL),(226,'Daphne Kelley','daphnekelley@imant.com','2018-01-06',1,3,2,1),(227,'Patton Farmer','pattonfarmer@imant.com','2018-03-04',1,4,2,1),(228,'Rosalyn Romero','rosalynromero@imant.com','2017-09-20',0,3,5,NULL),(229,'Petersen Barlow','petersenbarlow@imant.com','2018-05-17',0,4,2,NULL),(230,'Kathryn Hudson','kathrynhudson@imant.com','2017-12-31',1,5,6,1),(231,'Tracy Dickerson','tracydickerson@imant.com','2018-04-15',0,7,3,NULL),(232,'Carmen Noble','carmennoble@imant.com','2018-01-25',0,5,3,NULL),(233,'Glover Zimmerman','gloverzimmerman@imant.com','2017-04-15',1,2,6,3),(234,'Yates Hoover','yateshoover@imant.com','2016-06-10',1,5,6,3),(235,'Francisca David','franciscadavid@imant.com','2018-03-21',1,1,4,1),(236,'Rocha Solis','rochasolis@imant.com','2017-06-02',0,5,3,NULL),(237,'Betty Church','bettychurch@imant.com','2018-04-29',1,6,1,1),(238,'Victoria Fuller','victoriafuller@imant.com','2018-06-18',0,2,1,NULL),(239,'Hattie Ford','hattieford@imant.com','2018-04-11',0,3,3,NULL),(240,'Twila Hays','twilahays@imant.com','2018-12-03',0,5,1,NULL),(241,'Gregory Martinez','gregorymartinez@imant.com','2017-04-17',0,1,2,NULL),(242,'Chambers Ray','chambersray@imant.com','2018-04-06',0,7,2,NULL),(243,'Mcfarland Hensley','mcfarlandhensley@imant.com','2018-04-15',1,2,5,1),(244,'Mack Camacho','mackcamacho@imant.com','2017-04-04',1,5,2,1),(245,'Witt Macdonald','wittmacdonald@imant.com','2018-04-22',1,1,1,1),(246,'Boone Sheppard','boonesheppard@imant.com','2017-12-25',1,6,1,1),(247,'Watson Sanford','watsonsanford@imant.com','2016-12-12',0,7,5,NULL),(248,'Imogene Guzman','imogeneguzman@imant.com','2018-04-13',1,2,3,4),(249,'Sandra Norton','sandranorton@imant.com','2017-05-15',1,4,2,3),(250,'Freida Hines','freidahines@imant.com','2018-10-12',1,6,3,3),(251,'Garza Warner','garzawarner@imant.com','2018-06-28',1,4,5,2),(252,'Leta Harmon','letaharmon@imant.com','2018-05-06',0,2,2,NULL),(253,'Lowery Farley','loweryfarley@imant.com','2017-04-26',0,3,6,NULL),(254,'Lopez Zamora','lopezzamora@imant.com','2017-05-02',0,2,3,NULL),(255,'Kerri Pope','kerripope@imant.com','2018-05-29',0,2,3,NULL),(256,'Myra Rhodes','myrarhodes@imant.com','2016-04-28',0,6,3,NULL),(257,'Catherine Hicks','catherinehicks@imant.com','2018-01-23',0,5,7,NULL),(258,'Janette Vaughan','janettevaughan@imant.com','2018-04-27',1,4,1,2),(259,'Gena Delgado','genadelgado@imant.com','2016-10-14',1,5,4,2),(260,'Jill Hood','jillhood@imant.com','2016-04-28',1,1,3,2),(261,'Katelyn Clarke','katelynclarke@imant.com','2016-06-04',0,1,1,NULL),(262,'Ashlee Higgins','ashleehiggins@imant.com','2018-12-04',1,6,4,3),(263,'Louella Conway','louellaconway@imant.com','2016-04-16',1,5,1,4),(264,'Dunn Hancock','dunnhancock@imant.com','2016-02-13',1,5,6,1),(265,'Deborah Nichols','deborahnichols@imant.com','2018-04-17',0,2,6,NULL),(266,'Harriett Rivas','harriettrivas@imant.com','2017-11-02',1,5,2,1),(267,'Jacobson Terrell','jacobsonterrell@imant.com','2018-05-08',1,6,2,1),(268,'Tessa Mcbride','tessamcbride@imant.com','2018-05-22',0,2,3,NULL),(269,'Allen Norman','allennorman@imant.com','2017-12-23',1,1,1,4),(270,'Hayes Santiago','hayessantiago@imant.com','2017-11-02',1,1,6,3),(271,'Kitty Mccray','kittymccray@imant.com','2018-09-03',0,6,3,NULL),(272,'Raymond Whitaker','raymondwhitaker@imant.com','2018-04-19',1,6,3,2),(273,'Esther Campos','esthercampos@imant.com','2018-04-14',1,7,3,2),(274,'Keith Hinton','keithhinton@imant.com','2017-06-23',1,5,3,3),(275,'Cunningham Barber','cunninghambarber@imant.com','2017-12-04',0,5,2,NULL),(276,'Ashley Mcgee','ashleymcgee@imant.com','2018-06-28',1,7,3,1),(277,'Hinton Vincent','hintonvincent@imant.com','2017-01-19',1,4,7,1),(278,'Silva White','silvawhite@imant.com','2018-06-24',1,3,2,1),(279,'Nadia Gould','nadiagould@imant.com','2016-03-27',1,5,2,3),(280,'Savage Bean','savagebean@imant.com','2017-08-23',1,3,2,3),(281,'Carroll Castro','carrollcastro@imant.com','2017-04-13',1,5,5,1),(282,'Saundra Carson','saundracarson@imant.com','2016-05-12',1,5,3,1),(283,'Marci Dillard','marcidillard@imant.com','2016-04-03',0,3,3,NULL),(284,'Foreman Harrell','foremanharrell@imant.com','2018-06-19',0,4,6,NULL),(285,'Minerva Bowers','minervabowers@imant.com','2018-06-24',1,3,3,2),(286,'Guthrie Wilkinson','guthriewilkinson@imant.com','2018-04-12',1,5,2,3),(287,'Adele Wright','adelewright@imant.com','2018-05-26',1,6,6,1),(288,'Addie Reynolds','addiereynolds@imant.com','2018-04-02',0,5,3,NULL),(289,'Yang Glenn','yangglenn@imant.com','2016-05-16',0,2,1,NULL),(290,'Rhonda Bell','rhondabell@imant.com','2017-01-09',1,1,3,1),(291,'Rosella Edwards','rosellaedwards@imant.com','2018-04-15',0,3,2,NULL),(292,'Joyce Weeks','joyceweeks@imant.com','2016-06-19',1,6,6,2),(293,'Brennan Russell','brennanrussell@imant.com','2017-05-17',1,2,7,4),(294,'Natalie Blankenship','natalieblankenship@imant.com','2018-05-04',0,5,4,NULL),(295,'Parsons Fitzpatrick','parsonsfitzpatrick@imant.com','2017-04-23',1,1,6,3),(296,'Patterson Fox','pattersonfox@imant.com','2018-04-21',0,7,3,NULL),(297,'Whitaker Poole','whitakerpoole@imant.com','2018-05-01',1,6,6,1),(298,'Georgia Malone','georgiamalone@imant.com','2016-04-22',0,5,1,NULL),(299,'Rosa Lambert','rosalambert@imant.com','2018-04-04',1,1,2,4),(300,'Melanie Jensen','melaniejensen@imant.com','2017-06-16',1,7,2,1),(301,'Marlene Rodriguez','marlenerodriguez@imant.com','2018-10-19',1,1,5,2),(302,'Pearlie Hill','pearliehill@imant.com','2017-12-02',0,1,4,NULL),(303,'Heidi Dawson','heididawson@imant.com','2017-12-11',1,1,4,2),(304,'Megan Walters','meganwalters@imant.com','2016-06-06',1,2,3,1),(305,'Talley Simon','talleysimon@imant.com','2018-05-08',0,5,3,NULL),(306,'Huff Stevens','huffstevens@imant.com','2017-08-03',0,5,4,NULL),(307,'Calhoun Ruiz','calhounruiz@imant.com','2017-04-13',1,1,5,2),(308,'Donna Gibson','donnagibson@imant.com','2018-04-28',1,6,5,1),(309,'Shauna Lindsay','shaunalindsay@imant.com','2016-04-25',0,7,4,NULL),(310,'Morin Riley','morinriley@imant.com','2018-06-22',0,5,5,NULL),(311,'Mcdaniel Maxwell','mcdanielmaxwell@imant.com','2017-06-09',1,2,4,4),(312,'Sonya Burch','sonyaburch@imant.com','2017-04-05',1,2,4,1),(313,'Rutledge Nicholson','rutledgenicholson@imant.com','2016-03-14',1,3,6,2),(314,'Harrison Rivera','harrisonrivera@imant.com','2018-04-17',0,6,2,NULL),(315,'Natasha Alvarez','natashaalvarez@imant.com','2017-11-02',0,6,1,NULL),(316,'Mona Holman','monaholman@imant.com','2018-12-10',1,2,3,3),(317,'Dickson Frye','dicksonfrye@imant.com','2016-12-31',1,6,1,1),(318,'Valentine Hernandez','valentinehernandez@imant.com','2018-05-07',1,2,2,1),(319,'Mathis Webster','mathiswebster@imant.com','2018-04-18',0,2,1,NULL),(320,'Carson Travis','carsontravis@imant.com','2017-04-14',1,3,4,2),(321,'Pacheco Phelps','pachecophelps@imant.com','2018-04-18',1,5,3,2),(322,'Madden Fisher','maddenfisher@imant.com','2018-10-31',1,6,4,1),(323,'Carr Kinney','carrkinney@imant.com','2017-02-07',0,7,2,NULL),(324,'Lloyd Cruz','lloydcruz@imant.com','2017-04-29',0,4,3,NULL),(325,'Horton Dunn','hortondunn@imant.com','2018-12-23',1,7,6,3),(326,'Danielle Bender','daniellebender@imant.com','2018-04-17',0,5,4,NULL),(327,'Chase Wilson','chasewilson@imant.com','2017-04-15',1,5,2,3),(328,'Tamika Mcfadden','tamikamcfadden@imant.com','2018-06-08',1,2,3,1),(329,'Sally Morgan','sallymorgan@imant.com','2018-04-21',1,6,1,1),(330,'Franco Mathis','francomathis@imant.com','2017-03-12',1,5,3,4),(331,'Cruz Estrada','cruzestrada@imant.com','2018-05-06',0,4,5,NULL),(332,'Jennie Pennington','jenniepennington@imant.com','2017-05-03',0,5,2,NULL),(333,'Sadie Kerr','sadiekerr@imant.com','2018-06-02',1,4,2,1),(334,'Kristen Mack','kristenmack@imant.com','2018-10-15',0,7,2,NULL),(335,'Goldie Cook','goldiecook@imant.com','2018-04-28',1,2,3,1),(336,'Kerry Freeman','kerryfreeman@imant.com','2016-01-14',1,1,2,3),(337,'Rojas Caldwell','rojascaldwell@imant.com','2016-04-08',0,2,1,NULL),(338,'Katy Wolf','katywolf@imant.com','2018-12-22',1,1,2,4),(339,'Mann Campbell','manncampbell@imant.com','2018-06-28',1,6,4,2),(340,'Christensen Craig','christensencraig@imant.com','2016-06-27',0,6,3,NULL),(341,'Ophelia Garza','opheliagarza@imant.com','2016-05-27',1,5,1,1),(342,'Singleton Macias','singletonmacias@imant.com','2018-05-20',1,2,6,3),(343,'Davis Woodard','daviswoodard@imant.com','2016-12-19',1,1,5,3),(344,'Johnston Gilbert','johnstongilbert@imant.com','2018-05-10',1,7,5,3),(345,'Deena Holmes','deenaholmes@imant.com','2018-06-26',1,2,3,1),(346,'Dunlap Schneider','dunlapschneider@imant.com','2017-06-17',0,5,3,NULL),(347,'Gilda Franco','gildafranco@imant.com','2017-06-19',0,3,2,NULL),(348,'Mcguire Nelson','mcguirenelson@imant.com','2018-05-05',1,5,5,1),(349,'Edwina Case','edwinacase@imant.com','2016-11-27',0,1,3,NULL),(350,'Mattie Santos','mattiesantos@imant.com','2017-12-06',1,2,5,2),(351,'Glenda Davenport','glendadavenport@imant.com','2016-04-27',0,2,4,NULL),(352,'Jo Melendez','jomelendez@imant.com','2018-12-19',0,2,2,NULL),(353,'Larsen Mooney','larsenmooney@imant.com','2017-12-18',1,2,2,1),(354,'Owen Howard','owenhoward@imant.com','2016-12-08',1,2,3,3),(355,'Kaitlin Thornton','kaitlinthornton@imant.com','2017-06-03',1,2,4,3),(356,'Bowers Stout','bowersstout@imant.com','2016-01-26',1,5,2,2),(357,'Jeri Steele','jeristeele@imant.com','2018-04-02',1,1,4,3),(358,'Kelli Oneil','kellioneil@imant.com','2016-03-14',1,7,3,4),(359,'Ladonna Payne','ladonnapayne@imant.com','2016-06-12',1,6,3,3),(360,'Elliott Rosa','elliottrosa@imant.com','2018-01-13',1,7,2,1),(361,'Aguirre Everett','aguirreeverett@imant.com','2017-06-22',1,2,4,2),(362,'Nell Compton','nellcompton@imant.com','2018-06-25',0,1,4,NULL),(363,'Lola Pena','lolapena@imant.com','2018-07-27',1,4,2,1),(364,'Atkins Dyer','atkinsdyer@imant.com','2018-04-13',1,3,3,1),(365,'Norma Shannon','normashannon@imant.com','2018-03-14',1,1,7,3),(366,'Stevenson Leon','stevensonleon@imant.com','2016-05-10',0,2,3,NULL),(367,'Roth Cohen','rothcohen@imant.com','2018-01-27',0,2,5,NULL),(368,'Bianca Hampton','biancahampton@imant.com','2018-04-13',1,7,1,3),(369,'Horn Lancaster','hornlancaster@imant.com','2017-05-03',1,4,3,2),(370,'Lucia Oconnor','luciaoconnor@imant.com','2018-01-04',1,3,2,1),(371,'Maude Bradshaw','maudebradshaw@imant.com','2016-04-08',1,6,4,2),(372,'Diane Webb','dianewebb@imant.com','2018-12-11',1,1,6,1),(373,'Sparks Wagner','sparkswagner@imant.com','2018-06-22',0,2,3,NULL),(374,'Simpson Chapman','simpsonchapman@imant.com','2018-01-19',0,2,3,NULL),(375,'Snider Navarro','snidernavarro@imant.com','2018-04-24',1,3,4,2),(376,'Dee Keith','deekeith@imant.com','2018-09-17',1,2,1,2),(377,'Cherie Skinner','cherieskinner@imant.com','2016-03-09',1,6,2,1),(378,'Jenny Stephenson','jennystephenson@imant.com','2018-07-01',0,2,4,NULL),(379,'Romero Fleming','romerofleming@imant.com','2016-07-16',1,1,6,1),(380,'Roy Osborne','royosborne@imant.com','2018-07-11',0,5,1,NULL),(381,'Eliza Hoffman','elizahoffman@imant.com','2018-04-03',1,7,1,3),(382,'Jamie Castillo','jamiecastillo@imant.com','2016-05-13',0,2,3,NULL),(383,'Cooper Newton','coopernewton@imant.com','2018-05-20',1,3,3,1),(384,'Teri Puckett','teripuckett@imant.com','2018-12-02',1,5,1,2),(385,'Luz Andrews','luzandrews@imant.com','2018-09-10',1,1,4,3),(386,'Lester Burt','lesterburt@imant.com','2018-05-26',1,4,6,3),(387,'Sherman Buckley','shermanbuckley@imant.com','2018-06-15',1,6,2,1),(388,'Montgomery Dorsey','montgomerydorsey@imant.com','2018-04-22',1,2,2,4),(389,'Shawn Gallegos','shawngallegos@imant.com','2016-01-08',1,2,2,1),(390,'Hartman Daniels','hartmandaniels@imant.com','2018-12-07',0,3,3,NULL),(391,'Alison Roberson','alisonroberson@imant.com','2017-01-17',1,5,3,1),(392,'Harrington Hughes','harringtonhughes@imant.com','2018-09-24',0,4,2,NULL),(393,'Bernard Houston','bernardhouston@imant.com','2018-02-10',0,7,3,NULL),(394,'Reese Lloyd','reeselloyd@imant.com','2018-01-23',1,7,1,1),(395,'Lawrence Mccormick','lawrencemccormick@imant.com','2017-01-08',1,1,3,1),(396,'Valarie Holland','valarieholland@imant.com','2017-12-27',1,3,4,1),(397,'Smith Trevino','smithtrevino@imant.com','2018-05-06',1,7,1,4),(398,'Sharpe Graham','sharpegraham@imant.com','2017-07-16',0,6,3,NULL),(399,'Dalton Parker','daltonparker@imant.com','2018-04-27',0,5,3,NULL),(400,'Hardy Mueller','hardymueller@imant.com','2018-07-11',1,6,3,1),(401,'Neal Sargent','nealsargent@imant.com','2018-06-14',1,3,4,1),(402,'Molly Butler','mollybutler@imant.com','2017-07-22',0,4,1,NULL),(403,'Faye Harding','fayeharding@imant.com','2016-05-16',1,1,2,1),(404,'Holt Leonard','holtleonard@imant.com','2016-04-12',1,7,6,1),(405,'Reilly George','reillygeorge@imant.com','2016-06-27',1,4,1,3),(406,'Campos Fitzgerald','camposfitzgerald@imant.com','2018-07-09',1,1,2,4),(407,'Juanita Moon','juanitamoon@imant.com','2016-12-16',1,5,4,1),(408,'Adams Haley','adamshaley@imant.com','2018-08-25',1,2,4,1),(409,'Carrillo Mcclure','carrillomcclure@imant.com','2017-11-01',0,4,6,NULL),(410,'Clare Bailey','clarebailey@imant.com','2018-05-22',1,6,2,1),(411,'Patricia Chandler','patriciachandler@imant.com','2018-04-20',1,5,3,2),(412,'Betsy Herman','betsyherman@imant.com','2017-06-12',1,3,7,1),(413,'Candy Dudley','candydudley@imant.com','2017-06-01',1,4,3,4),(414,'Dale Mercado','dalemercado@imant.com','2018-06-11',0,3,4,NULL),(415,'Riggs Beck','riggsbeck@imant.com','2018-07-18',0,1,1,NULL),(416,'Carney Harrington','carneyharrington@imant.com','2017-07-26',1,4,3,2),(417,'Jordan Byrd','jordanbyrd@imant.com','2018-05-28',0,7,4,NULL),(418,'Kim Sellers','kimsellers@imant.com','2016-06-17',1,1,2,1),(419,'Roslyn Sampson','roslynsampson@imant.com','2017-05-03',0,3,2,NULL),(420,'Townsend Christensen','townsendchristensen@imant.com','2017-09-29',0,2,4,NULL),(421,'Laurie Whitney','lauriewhitney@imant.com','2018-02-19',1,2,2,1),(422,'Geraldine Bates','geraldinebates@imant.com','2017-11-30',0,1,1,NULL),(423,'Chang Cline','changcline@imant.com','2017-06-29',1,2,4,1),(424,'Misty Mann','mistymann@imant.com','2018-04-22',0,3,5,NULL),(425,'Brenda Barnes','brendabarnes@imant.com','2018-01-23',0,5,4,NULL),(426,'Alejandra Hodge','alejandrahodge@imant.com','2017-05-01',0,6,1,NULL),(427,'Raquel Carlson','raquelcarlson@imant.com','2018-12-15',0,6,1,NULL),(428,'Deloris Knapp','delorisknapp@imant.com','2018-04-29',0,1,3,NULL),(429,'Rebecca Henderson','rebeccahenderson@imant.com','2018-12-15',1,7,5,2),(430,'Oconnor Strickland','oconnorstrickland@imant.com','2018-04-03',0,6,5,NULL),(431,'Lea Slater','leaslater@imant.com','2017-12-21',1,3,3,1),(432,'Petra Stark','petrastark@imant.com','2016-04-02',0,2,7,NULL),(433,'Bernadette Calhoun','bernadettecalhoun@imant.com','2018-06-12',1,5,2,4),(434,'Mckee James','mckeejames@imant.com','2016-01-01',0,3,3,NULL),(435,'Walls Rosales','wallsrosales@imant.com','2018-04-26',0,3,6,NULL),(436,'Cecile Ewing','cecileewing@imant.com','2018-04-15',1,2,2,3),(437,'Deanna Pacheco','deannapacheco@imant.com','2018-04-04',1,6,2,2),(438,'Spence Riggs','spenceriggs@imant.com','2018-06-09',1,6,4,4),(439,'Navarro Turner','navarroturner@imant.com','2016-05-02',0,2,3,NULL),(440,'Vargas Melton','vargasmelton@imant.com','2018-05-28',0,1,2,NULL),(441,'Fuller Blake','fullerblake@imant.com','2018-07-16',1,1,2,1),(442,'Cannon Harrison','cannonharrison@imant.com','2018-01-28',1,6,3,1),(443,'Monique Patton','moniquepatton@imant.com','2018-03-09',1,2,7,1),(444,'Jackie Kane','jackiekane@imant.com','2017-11-04',0,6,2,NULL),(445,'Harper Mays','harpermays@imant.com','2018-12-23',1,3,2,3),(446,'Mays Larsen','mayslarsen@imant.com','2018-04-13',1,2,3,4),(447,'Lewis Sosa','lewissosa@imant.com','2018-05-25',1,7,5,1),(448,'Lee Jennings','leejennings@imant.com','2016-05-17',0,2,1,NULL),(449,'Hester Bray','hesterbray@imant.com','2017-12-04',1,6,3,4),(450,'Jana Pugh','janapugh@imant.com','2018-04-30',1,7,4,1),(451,'Rosemary Shelton','rosemaryshelton@imant.com','2018-05-05',1,7,3,1),(452,'Penelope Olsen','penelopeolsen@imant.com','2017-01-23',0,6,2,NULL),(453,'Norton Knowles','nortonknowles@imant.com','2017-01-07',1,2,3,2),(454,'Church Velasquez','churchvelasquez@imant.com','2018-04-27',1,1,3,1),(455,'Hawkins Rojas','hawkinsrojas@imant.com','2018-06-23',1,7,2,1),(456,'Erica Berger','ericaberger@imant.com','2018-12-22',0,7,5,NULL),(457,'Cote Workman','coteworkman@imant.com','2017-09-29',1,5,1,4),(458,'Thornton Luna','thorntonluna@imant.com','2018-01-21',0,5,2,NULL),(459,'Santana Carey','santanacarey@imant.com','2017-06-11',0,2,6,NULL),(460,'Hutchinson Mcneil','hutchinsonmcneil@imant.com','2018-12-05',0,4,3,NULL),(461,'Branch Cardenas','branchcardenas@imant.com','2017-01-26',1,6,5,2),(462,'Ofelia Mayo','ofeliamayo@imant.com','2018-12-15',0,5,2,NULL),(463,'Carter Johnson','carterjohnson@imant.com','2016-07-14',1,1,2,1),(464,'Shirley Daugherty','shirleydaugherty@imant.com','2016-06-08',1,5,4,2),(465,'Mari Patel','maripatel@imant.com','2017-09-02',1,2,3,1),(466,'Stout Cervantes','stoutcervantes@imant.com','2016-05-13',1,2,3,3),(467,'Garrett Cantrell','garrettcantrell@imant.com','2018-06-15',1,7,4,1),(468,'Owens Knight','owensknight@imant.com','2017-04-18',0,5,4,NULL),(469,'Lakeisha Rogers','lakeisharogers@imant.com','2017-03-08',0,5,1,NULL),(470,'Maritza Casey','maritzacasey@imant.com','2016-04-11',0,3,6,NULL),(471,'Kasey Ortiz','kaseyortiz@imant.com','2018-04-04',1,2,3,1),(472,'Gwen Scott','gwenscott@imant.com','2018-01-20',1,5,1,2),(473,'Sallie Richmond','sallierichmond@imant.com','2017-06-03',0,6,4,NULL),(474,'Tamara Park','tamarapark@imant.com','2018-06-14',1,6,2,1),(475,'Randall Wolfe','randallwolfe@imant.com','2017-08-20',0,2,3,NULL),(476,'Sosa Richards','sosarichards@imant.com','2018-12-27',1,7,3,3),(477,'Head Wood','headwood@imant.com','2016-12-25',0,5,7,NULL),(478,'Nona Miranda','nonamiranda@imant.com','2018-04-13',0,5,4,NULL),(479,'Kinney Hogan','kinneyhogan@imant.com','2018-04-26',1,2,2,1),(480,'Baxter Young','baxteryoung@imant.com','2018-06-25',0,7,5,NULL),(481,'Dawn Jones','dawnjones@imant.com','2016-06-23',1,7,3,4),(482,'Earnestine Kramer','earnestinekramer@imant.com','2018-06-17',1,1,3,1),(483,'Travis Reyes','travisreyes@imant.com','2018-08-21',0,7,3,NULL),(484,'Castaneda Baxter','castanedabaxter@imant.com','2018-04-24',0,5,6,NULL),(485,'Hess Stuart','hessstuart@imant.com','2018-06-23',0,7,2,NULL),(486,'Maggie Fernandez','maggiefernandez@imant.com','2018-05-15',1,1,6,2),(487,'Caroline Oliver','carolineoliver@imant.com','2018-10-09',0,2,1,NULL),(488,'Weeks Frank','weeksfrank@imant.com','2018-04-19',0,1,3,NULL),(489,'Valeria Summers','valeriasummers@imant.com','2016-12-31',1,4,1,1),(490,'Gilliam Ayala','gilliamayala@imant.com','2018-03-28',1,1,3,3),(491,'Hodges Price','hodgesprice@imant.com','2018-05-15',0,4,3,NULL),(492,'Noel Rutledge','noelrutledge@imant.com','2016-05-16',1,3,6,3),(493,'Carmela Booth','carmelabooth@imant.com','2018-01-29',1,2,3,1),(494,'Wilder Roberts','wilderroberts@imant.com','2018-06-10',1,5,3,3),(495,'Campbell Vega','campbellvega@imant.com','2018-01-14',0,5,3,NULL),(496,'Hamilton Mcguire','hamiltonmcguire@imant.com','2017-03-31',1,2,2,2),(497,'Maxwell Brennan','maxwellbrennan@imant.com','2018-06-17',0,2,2,NULL),(498,'Bridget Baldwin','bridgetbaldwin@imant.com','2017-01-11',1,1,4,1),(499,'West Adkins','westadkins@imant.com','2017-09-05',1,2,3,3),(500,'Peterson Forbes','petersonforbes@imant.com','2018-05-18',0,6,2,NULL),(501,'Hunt Conrad','huntconrad@imant.com','2017-04-09',1,5,3,2),(502,'Cassandra Cooley','cassandracooley@imant.com','2018-05-16',1,2,2,1),(503,'Medina Howe','medinahowe@imant.com','2018-03-17',1,5,1,2),(504,'Conway Pittman','conwaypittman@imant.com','2018-04-26',1,1,2,1),(505,'Mcfadden Bird','mcfaddenbird@imant.com','2018-06-23',0,5,4,NULL),(506,'Katina Williams','katinawilliams@imant.com','2017-08-07',0,2,4,NULL),(507,'Deleon Durham','deleondurham@imant.com','2018-01-29',0,1,2,NULL),(508,'Hooper Heath','hooperheath@imant.com','2018-06-12',1,7,1,2),(509,'Tabatha Bonner','tabathabonner@imant.com','2018-05-07',1,1,3,3),(510,'Jolene Lopez','jolenelopez@imant.com','2016-04-02',0,1,2,NULL),(511,'Kris Mcdonald','krismcdonald@imant.com','2016-11-30',1,2,6,1),(512,'Thomas Acevedo','thomasacevedo@imant.com','2018-05-28',0,3,1,NULL),(513,'Grant Potts','grantpotts@imant.com','2018-01-15',1,7,3,3),(514,'Finley Snow','finleysnow@imant.com','2016-05-23',1,7,3,1),(515,'Nettie Hurst','nettiehurst@imant.com','2017-12-23',1,4,3,3),(516,'Murphy Burgess','murphyburgess@imant.com','2017-04-06',0,7,4,NULL),(517,'Kline Middleton','klinemiddleton@imant.com','2017-03-19',0,2,5,NULL),(518,'Sondra Alvarado','sondraalvarado@imant.com','2016-12-09',1,5,4,4),(519,'Jennifer Stone','jenniferstone@imant.com','2017-05-11',0,3,2,NULL),(520,'Celeste Briggs','celestebriggs@imant.com','2018-08-03',1,7,3,3),(521,'Lawanda Boyer','lawandaboyer@imant.com','2016-11-18',1,3,5,3),(522,'Cervantes Watts','cervanteswatts@imant.com','2018-04-14',1,2,4,1),(523,'Cole Pearson','colepearson@imant.com','2017-03-31',0,1,3,NULL),(524,'Stuart Head','stuarthead@imant.com','2017-10-22',0,7,3,NULL),(525,'Althea Whitehead','altheawhitehead@imant.com','2017-06-22',1,3,2,3),(526,'Tillman Levy','tillmanlevy@imant.com','2018-05-04',1,5,3,2),(527,'Beverley Sullivan','beverleysullivan@imant.com','2017-07-08',1,5,1,3),(528,'Jeannine Mckay','jeanninemckay@imant.com','2018-06-23',1,2,1,1),(529,'Penny Cobb','pennycobb@imant.com','2017-11-07',0,6,6,NULL),(530,'Higgins Charles','higginscharles@imant.com','2016-06-21',1,7,6,3),(531,'Bright Browning','brightbrowning@imant.com','2018-01-20',1,2,3,1),(532,'Rosalie Ballard','rosalieballard@imant.com','2018-09-28',0,7,4,NULL),(533,'Dona Carr','donacarr@imant.com','2018-04-30',1,5,1,3),(534,'Melody West','melodywest@imant.com','2018-01-05',1,7,1,1),(535,'Dolores Pierce','dolorespierce@imant.com','2016-12-28',0,1,2,NULL),(536,'Velazquez Carpenter','velazquezcarpenter@imant.com','2017-06-05',1,7,3,3),(537,'Taylor Walton','taylorwalton@imant.com','2017-09-14',0,3,6,NULL),(538,'Cecelia Hebert','ceceliahebert@imant.com','2018-12-24',1,7,3,2),(539,'Holden Mcclain','holdenmcclain@imant.com','2018-05-14',1,2,2,4),(540,'Janis Blair','janisblair@imant.com','2018-07-22',1,7,3,3),(541,'Beck Obrien','beckobrien@imant.com','2018-09-05',1,2,1,1),(542,'Jocelyn Hyde','jocelynhyde@imant.com','2016-12-02',1,7,5,4),(543,'Nicole Randall','nicolerandall@imant.com','2018-06-25',1,2,4,4),(544,'Josephine Gomez','josephinegomez@imant.com','2017-04-10',0,1,1,NULL),(545,'Pat Coleman','patcoleman@imant.com','2018-09-28',0,7,5,NULL),(546,'Hines Duffy','hinesduffy@imant.com','2016-11-22',1,7,2,1),(547,'Frederick Cummings','frederickcummings@imant.com','2017-06-28',0,1,5,NULL),(548,'Price Duran','priceduran@imant.com','2017-04-16',1,4,5,2),(549,'Garrison Nixon','garrisonnixon@imant.com','2018-05-01',1,5,5,4),(550,'Margie Chaney','margiechaney@imant.com','2018-07-09',1,6,5,4),(551,'Mayra Ross','mayraross@imant.com','2018-05-28',1,5,6,1),(552,'Pate Avila','pateavila@imant.com','2018-12-08',1,2,3,3),(553,'Armstrong Dejesus','armstrongdejesus@imant.com','2018-03-05',1,7,3,1),(554,'Decker Glover','deckerglover@imant.com','2016-05-27',1,2,6,1),(555,'Howe Murphy','howemurphy@imant.com','2017-06-21',0,3,3,NULL),(556,'Judith Dean','judithdean@imant.com','2018-06-17',0,2,5,NULL),(557,'Patrica Williamson','patricawilliamson@imant.com','2018-03-21',1,3,4,1),(558,'Flynn Huber','flynnhuber@imant.com','2017-04-07',1,1,4,3),(559,'Santos Chavez','santoschavez@imant.com','2018-04-01',0,6,4,NULL),(560,'Ortiz Lucas','ortizlucas@imant.com','2016-04-07',0,5,3,NULL),(561,'Clayton Marquez','claytonmarquez@imant.com','2017-04-06',1,4,2,1),(562,'Rich Horton','richhorton@imant.com','2018-06-24',0,2,4,NULL),(563,'Joanna Ellis','joannaellis@imant.com','2017-07-04',0,5,3,NULL),(564,'Suarez Moss','suarezmoss@imant.com','2017-05-01',1,3,3,2),(565,'Wright Moran','wrightmoran@imant.com','2017-01-26',1,5,3,2),(566,'Burke Osborn','burkeosborn@imant.com','2018-07-29',1,5,5,3),(567,'Fran Holt','franholt@imant.com','2016-08-21',1,5,3,1),(568,'Duran Harris','duranharris@imant.com','2018-03-01',0,5,5,NULL),(569,'Whitehead Molina','whiteheadmolina@imant.com','2017-07-26',1,7,4,1),(570,'Preston Pruitt','prestonpruitt@imant.com','2018-04-27',1,2,2,1),(571,'Alfreda Gaines','alfredagaines@imant.com','2018-12-22',0,3,3,NULL),(572,'Dejesus Page','dejesuspage@imant.com','2018-08-23',1,1,2,1),(573,'Joyce Patterson','joycepatterson@imant.com','2018-01-17',1,1,3,3),(574,'Latoya Sherman','latoyasherman@imant.com','2017-04-01',1,7,7,1),(575,'Gloria Reid','gloriareid@imant.com','2018-12-02',0,2,3,NULL),(576,'Janna Deleon','jannadeleon@imant.com','2017-04-10',1,6,3,3),(577,'Luisa Moreno','luisamoreno@imant.com','2018-05-22',1,4,4,1),(578,'Bonita Salinas','bonitasalinas@imant.com','2017-01-24',0,7,2,NULL),(579,'Cleo Potter','cleopotter@imant.com','2018-12-06',0,3,3,NULL),(580,'Aisha Harper','aishaharper@imant.com','2018-12-14',1,7,5,3),(581,'Weiss Holcomb','weissholcomb@imant.com','2018-01-04',1,1,4,1),(582,'Warren Buckner','warrenbuckner@imant.com','2017-07-15',0,4,1,NULL),(583,'Tanner Sweeney','tannersweeney@imant.com','2016-07-05',1,5,4,1),(584,'Mccullough Banks','mcculloughbanks@imant.com','2018-12-03',0,5,1,NULL),(585,'Rosie Santana','rosiesantana@imant.com','2018-12-10',1,1,1,2),(586,'Lynn Brown','lynnbrown@imant.com','2018-07-07',1,5,1,3),(587,'Leonard Larson','leonardlarson@imant.com','2018-04-28',1,1,6,1),(588,'Hart Clements','hartclements@imant.com','2016-05-20',1,4,7,2),(589,'Hardin Duke','hardinduke@imant.com','2016-04-01',1,6,6,1),(590,'Margarita Tyler','margaritatyler@imant.com','2016-04-07',0,4,3,NULL),(591,'Casey Wynn','caseywynn@imant.com','2017-12-10',0,2,2,NULL),(592,'Tracey Myers','traceymyers@imant.com','2017-05-08',0,3,6,NULL),(593,'Adrian Benson','adrianbenson@imant.com','2018-05-05',0,1,4,NULL),(594,'Toni Mccall','tonimccall@imant.com','2017-04-03',1,3,2,2),(595,'Evangelina Taylor','evangelinataylor@imant.com','2018-04-29',1,2,3,1),(596,'Foster Wiggins','fosterwiggins@imant.com','2018-06-13',1,6,3,1),(597,'Adrienne Thompson','adriennethompson@imant.com','2016-06-13',1,2,3,3),(598,'Luella Lyons','luellalyons@imant.com','2016-12-13',0,1,3,NULL),(599,'Autumn Rocha','autumnrocha@imant.com','2017-06-15',0,5,3,NULL),(600,'Gale Humphrey','galehumphrey@imant.com','2018-06-24',0,3,2,NULL),(601,'Adela Foley','adelafoley@imant.com','2018-04-21',1,5,4,4),(602,'Courtney Oneill','courtneyoneill@imant.com','2017-06-15',1,3,7,1),(603,'Rosa Spencer','rosaspencer@imant.com','2018-11-22',1,7,7,3),(604,'Williams Reese','williamsreese@imant.com','2018-04-16',1,1,1,2),(605,'Guzman Stewart','guzmanstewart@imant.com','2018-01-03',1,4,3,1),(606,'Rhodes Velazquez','rhodesvelazquez@imant.com','2017-04-08',1,7,7,1),(607,'Kaufman Morales','kaufmanmorales@imant.com','2018-03-19',1,1,4,3),(608,'Fletcher Sparks','fletchersparks@imant.com','2017-12-19',1,4,3,1),(609,'Corina Shaffer','corinashaffer@imant.com','2018-04-20',1,1,4,3),(610,'Juliette Mcdaniel','juliettemcdaniel@imant.com','2018-03-23',1,2,2,1),(611,'Charlotte Todd','charlottetodd@imant.com','2017-04-27',0,6,2,NULL),(612,'Terra Whitfield','terrawhitfield@imant.com','2018-12-17',0,6,3,NULL),(613,'Franks Chase','frankschase@imant.com','2018-01-05',1,2,4,1),(614,'Avis Winters','aviswinters@imant.com','2017-04-22',1,7,4,1),(615,'Quinn Kirby','quinnkirby@imant.com','2018-06-25',0,3,4,NULL),(616,'Lindsey Erickson','lindseyerickson@imant.com','2017-04-30',1,1,3,1),(617,'Elaine Lane','elainelane@imant.com','2018-06-29',0,5,3,NULL),(618,'Jacquelyn Rose','jacquelynrose@imant.com','2017-07-27',0,4,5,NULL),(619,'Lynch Bentley','lynchbentley@imant.com','2018-12-29',0,2,7,NULL),(620,'Duke Gamble','dukegamble@imant.com','2018-09-24',0,5,4,NULL),(621,'Peck Harvey','peckharvey@imant.com','2018-06-23',0,3,3,NULL),(622,'Kerr Mason','kerrmason@imant.com','2017-05-06',0,7,3,NULL),(623,'Yvette Duncan','yvetteduncan@imant.com','2017-12-03',0,2,2,NULL),(624,'Coleen Martin','coleenmartin@imant.com','2018-04-20',0,6,2,NULL),(625,'Holly Morse','hollymorse@imant.com','2018-04-05',1,1,3,1),(626,'York Livingston','yorklivingston@imant.com','2017-03-31',0,6,1,NULL),(627,'English Witt','englishwitt@imant.com','2017-12-21',1,3,3,4),(628,'Lee Benjamin','leebenjamin@imant.com','2018-11-12',1,2,5,1),(629,'Skinner Stokes','skinnerstokes@imant.com','2017-12-23',1,4,4,3),(630,'Priscilla Nash','priscillanash@imant.com','2018-05-15',1,6,4,3),(631,'Ora Franks','orafranks@imant.com','2018-04-15',1,2,2,1),(632,'Dorothea Hubbard','dorotheahubbard@imant.com','2018-06-14',0,7,6,NULL),(633,'Vega Carrillo','vegacarrillo@imant.com','2017-04-15',1,2,5,1),(634,'Phelps Galloway','phelpsgalloway@imant.com','2017-04-23',0,3,5,NULL),(635,'Saunders Schultz','saundersschultz@imant.com','2017-05-10',1,5,3,2),(636,'Agnes Gentry','agnesgentry@imant.com','2017-03-20',0,6,6,NULL),(637,'David Bennett','davidbennett@imant.com','2018-12-15',0,3,3,NULL),(638,'Alyssa Douglas','alyssadouglas@imant.com','2016-06-13',0,3,2,NULL),(639,'Theresa Mcfarland','theresamcfarland@imant.com','2016-08-06',1,1,3,2),(640,'Nikki Kline','nikkikline@imant.com','2018-12-03',0,4,3,NULL),(641,'Christian Bishop','christianbishop@imant.com','2018-03-25',0,3,2,NULL),(642,'Pratt Valentine','prattvalentine@imant.com','2018-05-17',0,7,7,NULL),(643,'Brooks Burks','brooksburks@imant.com','2017-07-22',0,7,5,NULL),(644,'Howard Meyer','howardmeyer@imant.com','2018-04-11',1,2,4,1),(645,'Chasity Cantu','chasitycantu@imant.com','2018-09-17',0,5,2,NULL),(646,'Ball Vargas','ballvargas@imant.com','2018-06-08',0,7,3,NULL),(647,'Knapp Robbins','knapprobbins@imant.com','2018-07-16',1,5,4,3),(648,'Diann Goff','dianngoff@imant.com','2018-06-03',0,3,4,NULL),(649,'Mcleod Joyner','mcleodjoyner@imant.com','2018-06-01',1,2,4,3),(650,'Reyes Battle','reyesbattle@imant.com','2018-01-22',1,2,1,1),(651,'Nieves Hewitt','nieveshewitt@imant.com','2018-12-22',1,5,5,2),(652,'Lena Bryan','lenabryan@imant.com','2018-04-15',1,1,6,1),(653,'Jenifer Spears','jeniferspears@imant.com','2018-06-03',0,4,2,NULL),(654,'Carver Ratliff','carverratliff@imant.com','2017-12-28',0,6,3,NULL),(655,'Sonja Kim','sonjakim@imant.com','2017-06-12',0,6,4,NULL),(656,'Haney Ramirez','haneyramirez@imant.com','2017-04-26',1,1,7,1),(657,'Tonya Parks','tonyaparks@imant.com','2017-08-10',1,1,2,2),(658,'Cornelia Garner','corneliagarner@imant.com','2018-06-25',0,6,3,NULL),(659,'Kramer Castaneda','kramercastaneda@imant.com','2018-04-06',1,7,2,1),(660,'Lancaster Quinn','lancasterquinn@imant.com','2017-04-18',1,1,6,4),(661,'Christi Jackson','christijackson@imant.com','2018-12-27',0,2,2,NULL),(662,'French Sharpe','frenchsharpe@imant.com','2016-05-25',1,7,3,2),(663,'Stewart Anthony','stewartanthony@imant.com','2017-04-28',1,5,4,1),(664,'Diana Walker','dianawalker@imant.com','2018-03-31',1,2,3,1),(665,'Baird Mckinney','bairdmckinney@imant.com','2018-08-31',1,6,4,1),(666,'Nichols Copeland','nicholscopeland@imant.com','2018-12-16',0,1,2,NULL),(667,'Juana Combs','juanacombs@imant.com','2017-01-13',0,2,2,NULL),(668,'Brady Madden','bradymadden@imant.com','2018-12-19',0,3,1,NULL),(669,'Maryanne Garrison','maryannegarrison@imant.com','2018-04-16',0,2,3,NULL),(670,'Bauer Barry','bauerbarry@imant.com','2018-10-26',0,5,4,NULL),(671,'Hazel Ferguson','hazelferguson@imant.com','2017-04-22',1,4,2,2),(672,'Tyson Richard','tysonrichard@imant.com','2017-08-11',0,4,4,NULL),(673,'Leah Sloan','leahsloan@imant.com','2018-06-21',0,6,4,NULL),(674,'Frances Wise','franceswise@imant.com','2018-04-23',0,2,3,NULL),(675,'Brigitte Blackwell','brigitteblackwell@imant.com','2018-01-05',1,6,6,3),(676,'Spears Clay','spearsclay@imant.com','2016-07-28',0,5,1,NULL),(677,'Merritt Lowe','merrittlowe@imant.com','2018-06-02',1,2,5,2),(678,'Tara Bruce','tarabruce@imant.com','2016-06-18',1,2,5,1),(679,'Adriana Becker','adrianabecker@imant.com','2018-08-21',0,2,4,NULL),(680,'Shawna Atkins','shawnaatkins@imant.com','2017-08-12',1,7,2,2),(681,'Kristina Gillespie','kristinagillespie@imant.com','2018-12-14',0,4,5,NULL),(682,'Elisa Kaufman','elisakaufman@imant.com','2017-02-03',0,3,4,NULL),(683,'Essie Jenkins','essiejenkins@imant.com','2018-06-19',1,2,3,1),(684,'Cotton Burnett','cottonburnett@imant.com','2017-06-10',1,1,4,3),(685,'Claudia Mcknight','claudiamcknight@imant.com','2017-05-26',1,3,1,2),(686,'Vonda Chan','vondachan@imant.com','2017-10-12',1,3,3,1),(687,'Mejia Serrano','mejiaserrano@imant.com','2017-01-14',1,3,4,4),(688,'Dina Thomas','dinathomas@imant.com','2016-06-09',1,6,3,1),(689,'Antonia Hunter','antoniahunter@imant.com','2018-06-06',0,5,1,NULL),(690,'Edith Dickson','edithdickson@imant.com','2018-12-08',0,5,3,NULL),(691,'Tommie Monroe','tommiemonroe@imant.com','2018-05-15',1,5,1,2),(692,'Jannie Marks','janniemarks@imant.com','2016-12-24',1,2,5,3),(693,'Donaldson Marsh','donaldsonmarsh@imant.com','2018-05-07',1,5,2,1),(694,'Bernice Petty','bernicepetty@imant.com','2018-06-24',1,1,4,3),(695,'Gilbert Branch','gilbertbranch@imant.com','2016-01-14',1,7,3,1),(696,'Lott Grimes','lottgrimes@imant.com','2017-02-22',1,5,7,1),(697,'Susan Boyd','susanboyd@imant.com','2018-02-24',1,7,5,3),(698,'Georgina Willis','georginawillis@imant.com','2018-12-23',0,1,6,NULL),(699,'Elva Boyle','elvaboyle@imant.com','2017-01-21',1,3,2,1),(700,'Jenna Reeves','jennareeves@imant.com','2018-10-15',1,4,5,1),(701,'Jodie Wells','jodiewells@imant.com','2018-01-20',0,5,3,NULL),(702,'Geneva Mcleod','genevamcleod@imant.com','2018-12-07',1,1,3,1),(703,'Burt Beasley','burtbeasley@imant.com','2016-10-24',1,3,1,1),(704,'Dillard Valenzuela','dillardvalenzuela@imant.com','2018-05-12',1,6,2,1),(705,'Santiago Swanson','santiagoswanson@imant.com','2016-12-01',0,5,3,NULL),(706,'Paulette Robertson','pauletterobertson@imant.com','2018-07-03',1,7,2,2),(707,'Carlson Shepherd','carlsonshepherd@imant.com','2018-03-01',1,5,5,3),(708,'Mullins Waller','mullinswaller@imant.com','2018-12-19',1,7,3,1),(709,'Coleman Massey','colemanmassey@imant.com','2017-03-02',0,6,4,NULL),(710,'Yolanda Eaton','yolandaeaton@imant.com','2018-12-23',1,2,3,1),(711,'Keri Walsh','keriwalsh@imant.com','2018-12-08',1,5,4,1),(712,'Juarez Whitley','juarezwhitley@imant.com','2017-12-06',0,6,3,NULL),(713,'Wallace Stanley','wallacestanley@imant.com','2018-08-05',1,7,3,1),(714,'Lambert Curtis','lambertcurtis@imant.com','2018-09-11',0,1,2,NULL),(715,'Amie Cooke','amiecooke@imant.com','2018-08-22',0,2,5,NULL),(716,'Helen Cameron','helencameron@imant.com','2018-11-18',1,2,6,3),(717,'Hope Love','hopelove@imant.com','2017-04-29',1,5,5,3),(718,'Tammi Jarvis','tammijarvis@imant.com','2017-10-23',1,2,6,3),(719,'Sue Moody','suemoody@imant.com','2017-06-06',1,3,5,1),(720,'Cecilia Ochoa','ceciliaochoa@imant.com','2016-09-19',1,5,5,3),(721,'Barker Lindsey','barkerlindsey@imant.com','2016-01-09',1,4,2,1),(722,'Fry Bradley','frybradley@imant.com','2016-04-18',1,2,4,1),(723,'Joy Abbott','joyabbott@imant.com','2018-05-05',0,7,4,NULL),(724,'Lilly Conner','lillyconner@imant.com','2018-12-28',1,6,4,1),(725,'Washington Contreras','washingtoncontreras@imant.com','2017-12-11',1,1,2,2),(726,'Alissa Townsend','alissatownsend@imant.com','2017-01-26',0,1,6,NULL),(727,'Ester Hartman','esterhartman@imant.com','2018-05-11',0,5,3,NULL),(728,'Tamera Sawyer','tamerasawyer@imant.com','2016-06-15',1,1,1,3),(729,'Ginger Christian','gingerchristian@imant.com','2017-12-14',0,5,3,NULL),(730,'Chaney Key','chaneykey@imant.com','2016-04-15',1,5,7,2),(731,'Mayo Small','mayosmall@imant.com','2018-04-24',0,7,3,NULL),(732,'Arline Hayes','arlinehayes@imant.com','2016-04-03',1,2,6,3),(733,'Ellis Newman','ellisnewman@imant.com','2017-05-06',0,5,3,NULL),(734,'Janie Holloway','janieholloway@imant.com','2018-12-20',1,2,3,2),(735,'Hale Mckee','halemckee@imant.com','2017-05-18',1,2,1,1),(736,'Wise Bartlett','wisebartlett@imant.com','2018-04-07',1,7,7,2),(737,'Hendricks Sandoval','hendrickssandoval@imant.com','2018-01-12',1,7,3,3),(738,'Lyons Merrill','lyonsmerrill@imant.com','2018-05-10',1,2,3,1),(739,'Wilkerson Gonzales','wilkersongonzales@imant.com','2017-12-14',1,7,3,1),(740,'Kathy Washington','kathywashington@imant.com','2018-03-13',0,1,3,NULL),(741,'Espinoza Foreman','espinozaforeman@imant.com','2018-01-26',0,4,6,NULL),(742,'Roberts Merritt','robertsmerritt@imant.com','2018-01-19',1,1,3,3),(743,'Mariana Wilder','marianawilder@imant.com','2017-05-16',0,1,6,NULL),(744,'Harmon Owens','harmonowens@imant.com','2016-12-07',0,4,2,NULL),(745,'Margaret Bernard','margaretbernard@imant.com','2016-05-10',0,2,3,NULL),(746,'Nina Buck','ninabuck@imant.com','2018-04-20',1,7,4,1),(747,'Elma Keller','elmakeller@imant.com','2016-09-13',1,1,3,1),(748,'Marshall Mills','marshallmills@imant.com','2018-07-20',1,5,1,1),(749,'Hubbard Nielsen','hubbardnielsen@imant.com','2018-04-14',1,2,4,2),(750,'Larson Kemp','larsonkemp@imant.com','2018-04-30',0,2,2,NULL),(751,'Carolyn Dennis','carolyndennis@imant.com','2018-11-16',1,2,3,2),(752,'Albert Wooten','albertwooten@imant.com','2016-06-30',1,1,4,1),(753,'Mamie Cochran','mamiecochran@imant.com','2018-04-29',0,7,2,NULL),(754,'Boyle Dixon','boyledixon@imant.com','2018-05-31',1,7,4,1),(755,'Lydia Callahan','lydiacallahan@imant.com','2016-12-29',1,3,3,2),(756,'Ware Cole','warecole@imant.com','2017-01-21',0,1,2,NULL),(757,'Krista Pitts','kristapitts@imant.com','2018-05-26',1,5,3,1),(758,'Beard Giles','beardgiles@imant.com','2018-11-13',0,1,3,NULL),(759,'Morgan Floyd','morganfloyd@imant.com','2018-10-11',1,1,3,3),(764,'Tamara','sss@qwe','2020-09-22',1,5,3,1),(765,'Zohar','bazbaz55@gmail.com','2020-09-22',1,5,8,NULL),(766,'Zohar Rec','zohar@33','2020-09-22',1,6,3,1),(767,'Michal Sagi','smitzi@gmail.com','2020-09-22',1,6,8,2),(768,'ZoharRe','bazba@w','2020-09-23',1,5,8,NULL),(769,'John Duo','jjj@33','2020-09-25',1,4,10,NULL),(770,'uuuuu','uu@34','2020-09-25',1,6,15,NULL),(771,'Oliver Twist','oliver@ggg.co','2020-10-04',0,5,11,NULL),(772,'Bubble Gum','bubble@hot.com','2020-10-18',0,5,11,NULL);
/*!40000 ALTER TABLE `clients` ENABLE KEYS */;
UNLOCK TABLES;

--
-- Table structure for table `countries`
--

DROP TABLE IF EXISTS `countries`;
/*!40101 SET @saved_cs_client     = @@character_set_client */;
/*!40101 SET character_set_client = utf8 */;
CREATE TABLE `countries` (
  `country_id` int(11) NOT NULL AUTO_INCREMENT,
  `c_name` varchar(20) DEFAULT NULL,
  PRIMARY KEY (`country_id`)
) ENGINE=InnoDB AUTO_INCREMENT=16 DEFAULT CHARSET=latin1;
/*!40101 SET character_set_client = @saved_cs_client */;

--
-- Dumping data for table `countries`
--

LOCK TABLES `countries` WRITE;
/*!40000 ALTER TABLE `countries` DISABLE KEYS */;
INSERT INTO `countries` VALUES (1,'Romania'),(2,'Turkey'),(3,'France'),(4,'Greece'),(5,'Croatia'),(6,'Malta'),(7,'Malaysia'),(8,'Israel'),(9,'sss'),(10,'Iran'),(11,'England'),(12,'Iran'),(13,'Iran'),(14,'France'),(15,'USA');
/*!40000 ALTER TABLE `countries` ENABLE KEYS */;
UNLOCK TABLES;

--
-- Table structure for table `email_type`
--

DROP TABLE IF EXISTS `email_type`;
/*!40101 SET @saved_cs_client     = @@character_set_client */;
/*!40101 SET character_set_client = utf8 */;
CREATE TABLE `email_type` (
  `et_id` int(11) NOT NULL AUTO_INCREMENT,
  `e_type` varchar(1) DEFAULT NULL,
  PRIMARY KEY (`et_id`)
) ENGINE=InnoDB AUTO_INCREMENT=5 DEFAULT CHARSET=latin1;
/*!40101 SET character_set_client = @saved_cs_client */;

--
-- Dumping data for table `email_type`
--

LOCK TABLES `email_type` WRITE;
/*!40000 ALTER TABLE `email_type` DISABLE KEYS */;
INSERT INTO `email_type` VALUES (1,'B'),(2,'A'),(3,'D'),(4,'C');
/*!40000 ALTER TABLE `email_type` ENABLE KEYS */;
UNLOCK TABLES;

--
-- Table structure for table `owners`
--

DROP TABLE IF EXISTS `owners`;
/*!40101 SET @saved_cs_client     = @@character_set_client */;
/*!40101 SET character_set_client = utf8 */;
CREATE TABLE `owners` (
  `owner_id` int(11) NOT NULL AUTO_INCREMENT,
  `o_name` varchar(30) DEFAULT NULL,
  PRIMARY KEY (`owner_id`)
) ENGINE=InnoDB AUTO_INCREMENT=8 DEFAULT CHARSET=latin1;
/*!40101 SET character_set_client = @saved_cs_client */;

--
-- Dumping data for table `owners`
--

LOCK TABLES `owners` WRITE;
/*!40000 ALTER TABLE `owners` DISABLE KEYS */;
INSERT INTO `owners` VALUES (1,'Emily Durham'),(2,'Janice Alvarado'),(3,'Leila Howe'),(4,'Hull Conrad'),(5,'Martin Massey'),(6,'Shepherd Stone'),(7,'Barton Ramirez');
/*!40000 ALTER TABLE `owners` ENABLE KEYS */;
UNLOCK TABLES;
/*!40103 SET TIME_ZONE=@OLD_TIME_ZONE */;

/*!40101 SET SQL_MODE=@OLD_SQL_MODE */;
/*!40014 SET FOREIGN_KEY_CHECKS=@OLD_FOREIGN_KEY_CHECKS */;
/*!40014 SET UNIQUE_CHECKS=@OLD_UNIQUE_CHECKS */;
/*!40101 SET CHARACTER_SET_CLIENT=@OLD_CHARACTER_SET_CLIENT */;
/*!40101 SET CHARACTER_SET_RESULTS=@OLD_CHARACTER_SET_RESULTS */;
/*!40101 SET COLLATION_CONNECTION=@OLD_COLLATION_CONNECTION */;
/*!40111 SET SQL_NOTES=@OLD_SQL_NOTES */;

-- Dump completed on 2020-10-19 15:33:21
